[{"id":64,"name":"TOTAL FAILURE OF AAGB (BOTH REDUCTION GEARS)","title_id":20},{"id":65,"name":"INDICATIONS","title_id":20},{"id":66,"name":"PROCEDURES DURING TAKE-OFF RUN","title_id":20},{"id":67,"name":"PROCEDURES AFTER LIFT-OFF","title_id":20},{"id":68,"name":"PROCEDURES IN FLIGHT","title_id":20},{"id":69,"name":"FAILURE OF ONE AAGB REDUCTION GEAR","title_id":20},{"id":70,"name":"INDICATIONS","title_id":20},{"id":71,"name":"PROCEDURES DURING TAKE-OFF RUN","title_id":20},{"id":72,"name":"PROCEDURES AFTER LIFT-OFF","title_id":20},{"id":73,"name":"PROCEDURES IN FLIGHT","title_id":20}]