[{"id":29,"name":"AUTOMATIC START","title_id":10},{"id":30,"name":"AT RPM LESS THAN 50%","title_id":10},{"id":31,"name":"AT ANTI-SURGE SYSTEM ACTUATION","title_id":10},{"id":32,"name":"AT WEAPON EMPLOYMENT","title_id":10},{"id":33,"name":"AT RUNDOWN AT RPM NOT LESS THAN 30% AND AUTOROTATION RPM MORE THAN 12%","title_id":10},{"id":34,"name":"SEMI-AUTOMATIC START","title_id":10},{"id":35,"name":"PROCEDURES","title_id":10},{"id":36,"name":"RPM NOT LESS THAN 30% AND AUTOROTATION RPM MORE THAN 12%","title_id":10},{"id":37,"name":"MANUAL START","title_id":10},{"id":38,"name":"PROCEDURES","title_id":10},{"id":39,"name":"PROCEDURES","title_id":10},{"id":40,"name":"PROCEDURES","title_id":10}]