[{"id":6,"key":"External","karatMessage":"Smoke or flame (seen in rear view mirrors during turn and reported from ground\/other aircraft)","section_id":3},{"id":7,"key":"Cockpit","karatMessage":"Smoke","section_id":3},{"id":8,"key":"Engines","karatMessage":"Shut down immediately","section_id":3},{"id":9,"key":"Aircraft","karatMessage":"Take all necessary actions to stop","section_id":3},{"id":10,"key":"Braking","karatMessage":"Carry out emergency braking","section_id":3},{"id":11,"key":"FUEL SHUTOFF of engine on fire","karatMessage":"CLOSED","section_id":3},{"id":12,"key":"FIRE EXTING LH (GBX, RH)","karatMessage":"Press","section_id":3},{"id":13,"key":"Fire not extinguished in ~ 8 sec","karatMessage":"Press FIRE EXTING, LH (GBX, RH) again","section_id":3},{"id":14,"key":"Aircraft","karatMessage":"Stop and leave it","section_id":3}]