[{"id":2,"name":"INDICATIONS","title_id":2},{"id":3,"name":"ADDITIONAL INDICATIONS","title_id":2},{"id":4,"name":"PROCEDURES DURING PARKING (TAXIING)","title_id":2},{"id":5,"name":"PROCEDURES DURING TAKE-OFF RUN","title_id":2},{"id":6,"name":"PROCEDURES AFTER LIFT-OFF AT AAGB FIRE","title_id":2},{"id":7,"name":"PROCEDURES AFTER LIFT-OFF AT ENGINE FIRE","title_id":2},{"id":8,"name":"PROCEDURES IN FLIGHT AT AAGB FIRE","title_id":2},{"id":9,"name":"PROCEDURES IN FLIGHT AT ENGINE FIRE","title_id":2}]