[{"id":1,"key":"Master caution","karatMessage":"Flashes","section_id":2},{"id":2,"key":"FIRE","karatMessage":"ON","section_id":2},{"id":3,"key":"Middle MFD","karatMessage":"LH ENG FIRE (RH ENG, AAGB)","section_id":2},{"id":4,"key":"FIRE EXTING LH (GBX, RH)","karatMessage":"ON","section_id":2},{"id":5,"key":"VWS","karatMessage":"\u2018Left engine (Right engine, Gearbox) fire\u2019","section_id":2},{"id":6,"key":"External","karatMessage":"Smoke or flame (seen in rear view mirrors during turn and reported from ground\/other aircraft)","section_id":3},{"id":7,"key":"Cockpit","karatMessage":"Smoke","section_id":3},{"id":8,"key":"Engines","karatMessage":"Shut down immediately","section_id":3},{"id":9,"key":"Aircraft","karatMessage":"Take all necessary actions to stop","section_id":3},{"id":10,"key":"Braking","karatMessage":"Carry out emergency braking","section_id":3},{"id":11,"key":"FUEL SHUTOFF of engine on fire","karatMessage":"CLOSED","section_id":3},{"id":12,"key":"FIRE EXTING LH (GBX, RH)","karatMessage":"Press","section_id":3},{"id":13,"key":"Fire not extinguished in ~ 8 sec","karatMessage":"Press FIRE EXTING, LH (GBX, RH) again","section_id":3},{"id":14,"key":"Aircraft","karatMessage":"Stop and leave it","section_id":3}]