[{"id":2,"name":"INDICATIONS","title_id":2},{"id":3,"name":"ADDITIONAL INDICATIONS","title_id":2},{"id":4,"name":"PROCEDURES DURING PARKING (TAXIING)","title_id":2},{"id":5,"name":"PROCEDURES DURING TAKE-OFF RUN","title_id":2},{"id":6,"name":"PROCEDURES AFTER LIFT-OFF AT AAGB FIRE","title_id":2},{"id":7,"name":"PROCEDURES AFTER LIFT-OFF AT ENGINE FIRE","title_id":2},{"id":8,"name":"PROCEDURES IN FLIGHT AT AAGB FIRE","title_id":2},{"id":9,"name":"PROCEDURES IN FLIGHT AT ENGINE FIRE","title_id":2},{"id":10,"name":"general","title_id":3},{"id":11,"name":"PROCEDURES BEFORE EJECTION IF SITUATION ALLOWS","title_id":4},{"id":12,"name":"PROCEDURES AFTER DEPLOYMENT OF PARACHUTE CANOPY","title_id":4},{"id":13,"name":"PROCEDURES BEFORE LANDING","title_id":4},{"id":14,"name":"PROCEDURES AT DESCEND ON WATER","title_id":4},{"id":15,"name":"PROCEDURES AT WATER LANDING WITH CONNECTED SPECIAL OUTFIT ACCESSORIES AND UNDEPLOYED SURVIVAL KIT","title_id":4},{"id":16,"name":"UNINFLATED LIFE BELT FLOAT","title_id":4},{"id":17,"name":"PROCEDURES BEFORE CANOPY JETTISON","title_id":5},{"id":18,"name":"JETTISON","title_id":5},{"id":19,"name":"INDICATIONS","title_id":6},{"id":20,"name":"PROCEDURES DURING TAKE-OFF RUN","title_id":6},{"id":21,"name":"PROCEDURES AFTER LIFT-OFF","title_id":6},{"id":22,"name":"PROCEDURES IN FLIGHT","title_id":6},{"id":23,"name":"INDICATIONS","title_id":7},{"id":24,"name":"PROCEDURES","title_id":7},{"id":25,"name":"INDICATIONS","title_id":8},{"id":26,"name":"PROCEDURES","title_id":8},{"id":27,"name":"INDICATIONS","title_id":9},{"id":28,"name":"PROCEDURES","title_id":9},{"id":29,"name":"AUTOMATIC START","title_id":10},{"id":30,"name":"AT RPM LESS THAN 50%","title_id":10},{"id":31,"name":"AT ANTI-SURGE SYSTEM ACTUATION","title_id":10},{"id":32,"name":"AT WEAPON EMPLOYMENT","title_id":10},{"id":33,"name":"AT RUNDOWN AT RPM NOT LESS THAN 30% AND AUTOROTATION RPM MORE THAN 12%","title_id":10},{"id":34,"name":"SEMI-AUTOMATIC START","title_id":10},{"id":35,"name":"PROCEDURES","title_id":10},{"id":36,"name":"RPM NOT LESS THAN 30% AND AUTOROTATION RPM MORE THAN 12%","title_id":10},{"id":37,"name":"MANUAL START","title_id":10},{"id":38,"name":"PROCEDURES","title_id":10},{"id":39,"name":"PROCEDURES","title_id":10},{"id":40,"name":"PROCEDURES","title_id":10},{"id":41,"name":"INDICATIONS","title_id":11},{"id":42,"name":"PROCEDURES","title_id":11},{"id":43,"name":"INDICATIONS","title_id":12},{"id":44,"name":"PROCEDURES","title_id":12},{"id":45,"name":"PROCEDURES","title_id":12},{"id":46,"name":"PROCEDURES","title_id":12},{"id":47,"name":"INDICATIONS","title_id":13},{"id":48,"name":"ENGINE IN MAX AND AB MODES","title_id":13},{"id":49,"name":"TCL SETTING BETWEEN IDLE AND MAX","title_id":13},{"id":50,"name":"PROCEDURES","title_id":13},{"id":51,"name":"INDICATIONS","title_id":14},{"id":52,"name":"PROCEDURES","title_id":14},{"id":53,"name":"INDICATIONS","title_id":15},{"id":54,"name":"PROCEDURES","title_id":15},{"id":55,"name":"INDICATIONS","title_id":16},{"id":56,"name":"PROCEDURES","title_id":16},{"id":57,"name":"INDICATIONS","title_id":17},{"id":58,"name":"PROCEDURES DURING TAKE-OFF RUN","title_id":17},{"id":59,"name":"PROCEDURES IN FLIGHT","title_id":17},{"id":60,"name":"INDICATIONS","title_id":18},{"id":61,"name":"PROCEDURES","title_id":18},{"id":62,"name":"INDICATIONS","title_id":19},{"id":63,"name":"PROCEDURES","title_id":19},{"id":64,"name":"TOTAL FAILURE OF AAGB (BOTH REDUCTION GEARS)","title_id":20},{"id":65,"name":"INDICATIONS","title_id":20},{"id":66,"name":"PROCEDURES DURING TAKE-OFF RUN","title_id":20},{"id":67,"name":"PROCEDURES AFTER LIFT-OFF","title_id":20},{"id":68,"name":"PROCEDURES IN FLIGHT","title_id":20},{"id":69,"name":"FAILURE OF ONE AAGB REDUCTION GEAR","title_id":20},{"id":70,"name":"INDICATIONS","title_id":20},{"id":71,"name":"PROCEDURES DURING TAKE-OFF RUN","title_id":20},{"id":72,"name":"PROCEDURES AFTER LIFT-OFF","title_id":20},{"id":73,"name":"PROCEDURES IN FLIGHT","title_id":20},{"id":74,"name":"INDICATIONS","title_id":21},{"id":75,"name":"PROCEDURES","title_id":21},{"id":76,"name":"INDICATIONS","title_id":22},{"id":77,"name":"PROCEDURES","title_id":22}]