[{"id":2,"name":"ENGINES AND AAGB FIRE","category_id":3},{"id":3,"name":"GROUND EGRESS","category_id":4},{"id":4,"name":"CONTROLLED EJECTION","category_id":4},{"id":5,"name":"AUTONOMOUS CANOPY JETTISON","category_id":4},{"id":6,"name":"SINGLE ENGINE FAILURE","category_id":5},{"id":7,"name":"POWER PLANT SURGE","category_id":5},{"id":8,"name":"FAILURE OF BARK-42 ANTI-SURGE PROTECTION CHANNEL","category_id":5},{"id":9,"name":"SUDDEN FLAMEOUT OF BOTH ENGINES IN FLIGHT","category_id":5},{"id":10,"name":"ENGINES AIR START","category_id":5},{"id":11,"name":"FAILURE OF ENGINE OIL SYSTEM","category_id":5},{"id":12,"name":"FAILURE OF ELECTRONICS OF ENGINE AUTOMATIC CONTROL SYSTEM","category_id":5},{"id":13,"name":"FAILURE OF BARK-42 LIMITATION AND ADJUSTMENT PROGRAMS.FUEL FLOW, NOZZLE THROAT AREA","category_id":5},{"id":14,"name":"AFTERBURNING FAILURE","category_id":5},{"id":15,"name":"FUEL BOOST PUMP FAILURE","category_id":5},{"id":16,"name":"INCREASE OF ENGINE RPM, FUEL PRESSURE","category_id":5},{"id":17,"name":"INCREASE OF DIFFERENTIAL PRESSURE AT ENGINE FUEL FILTER","category_id":5},{"id":18,"name":"INCREASE OF ENGINE VIBRATIONS","category_id":5},{"id":19,"name":"ENGINE OVERHEAT","category_id":5},{"id":20,"name":"AAGB FAILURE","category_id":5},{"id":21,"name":"FAILURE OF AIR INTAKES GOVERNOR","category_id":5},{"id":22,"name":"LH (RH) AIR INTAKE FAILURE","category_id":5}]